{"_type":"export","__export_format":4,"__export_date":"2023-08-14T21:31:12.711Z","__export_source":"insomnia.desktop.app:v2023.1.0","resources":[{"_id":"req_62f6f9a592a7443aad4d99c0e766719d","parentId":"fld_402f29f36b0545cf850094d04f74aa02","modified":1689703876012,"created":1688053924414,"url":"http://localhost:8080/user","name":"Create User","description":"","method":"POST","body":{"mimeType":"","text":"{\n\t\"email\": \"test@yahoo.com\"\n}"},"parameters":[],"headers":[{"name":"Content-Type","value":"application/json"}],"authentication":{},"metaSortKey":0,"isPrivate":false,"settingStoreCookies":true,"settingSendCookies":true,"settingDisableRenderRequestBody":false,"settingEncodeUrl":true,"settingRebuildPath":true,"settingFollowRedirects":"global","_type":"request"},{"_id":"fld_402f29f36b0545cf850094d04f74aa02","parentId":"fld_8daaeb7ed5cd4dbf9ca2925bb081c04a","modified":1688053924415,"created":1688053924415,"name":"Local","description":"","environment":{},"environmentPropertyOrder":null,"metaSortKey":-1688053924415,"_type":"request_group"},{"_id":"fld_8daaeb7ed5cd4dbf9ca2925bb081c04a","parentId":"wrk_8cd80f959d7846c1bc6d4409ffdf2ada","modified":1688053924416,"created":1688053924416,"name":"DadFirm","description":"","environment":{},"environmentPropertyOrder":null,"metaSortKey":-1688053924416,"_type":"request_group"},{"_id":"wrk_8cd80f959d7846c1bc6d4409ffdf2ada","parentId":null,"modified":1688401982695,"created":1688053718581,"name":"The Dad Firm","description":"","scope":"design","_type":"workspace"},{"_id":"req_84281600ecee4f89860dc255833e9070","parentId":"fld_402f29f36b0545cf850094d04f74aa02","modified":1692029499647,"created":1688053924414,"url":"http://localhost:8080/user/by-email/test@yahoo.com","name":"Get User By Email","description":"","method":"GET","body":{},"parameters":[],"headers":[],"authentication":{},"metaSortKey":100,"isPrivate":false,"settingStoreCookies":true,"settingSendCookies":true,"settingDisableRenderRequestBody":false,"settingEncodeUrl":true,"settingRebuildPath":true,"settingFollowRedirects":"global","_type":"request"},{"_id":"req_9d94b6e809774f9fa7765ae88e20dcf7","parentId":"fld_402f29f36b0545cf850094d04f74aa02","modified":1692029547696,"created":1688053924413,"url":"http://localhost:8080/user/1215a471-3c3b-4d12-a024-2895b90ed45f","name":"Patch User","description":"","method":"PATCH","body":{"mimeType":"","text":"{\n\t\"name\": \"Test Test\",\n\t\"emailVerified\": \"2023-08-14\" \n}"},"parameters":[],"headers":[{"name":"Content-Type","value":"application/json"}],"authentication":{},"metaSortKey":150,"isPrivate":false,"settingStoreCookies":true,"settingSendCookies":true,"settingDisableRenderRequestBody":false,"settingEncodeUrl":true,"settingRebuildPath":true,"settingFollowRedirects":"global","_type":"request"},{"_id":"req_f7b880016eba43f2a8c1fdf25c876792","parentId":"fld_402f29f36b0545cf850094d04f74aa02","modified":1692029488737,"created":1688451922652,"url":"http://localhost:8080/auth/session/create","name":"Create User Session","description":"","method":"POST","body":{"mimeType":"application/json","text":"{\n\t\"sessionToken\": \"1234\",\n\t\"expires\": \"2023-07-04\",\n\t\"userId\": \"1215a471-3c3b-4d12-a024-2895b90ed45f\"\n}"},"parameters":[],"headers":[{"name":"Content-Type","value":"application/json"}],"authentication":{},"metaSortKey":200,"isPrivate":false,"settingStoreCookies":true,"settingSendCookies":true,"settingDisableRenderRequestBody":false,"settingEncodeUrl":true,"settingRebuildPath":true,"settingFollowRedirects":"global","_type":"request"},{"_id":"req_316164388d9f41cf9ac3933ba4a970b0","parentId":"fld_402f29f36b0545cf850094d04f74aa02","modified":1688459582289,"created":1688452304353,"url":"http://localhost:8080/auth/session/1234","name":"Get Session With User","description":"","method":"GET","body":{},"parameters":[],"headers":[],"authentication":{},"metaSortKey":300,"isPrivate":false,"settingStoreCookies":true,"settingSendCookies":true,"settingDisableRenderRequestBody":false,"settingEncodeUrl":true,"settingRebuildPath":true,"settingFollowRedirects":"global","_type":"request"},{"_id":"req_27c033562c954f40b5550844666865cd","parentId":"fld_402f29f36b0545cf850094d04f74aa02","modified":1688459582289,"created":1688452379380,"url":"http://localhost:8080/auth/session/1234","name":"Update Session Expire Date","description":"","method":"PATCH","body":{"mimeType":"application/json","text":"{\n\t\"expires\": \"2023-07-30\"\n}"},"parameters":[],"headers":[{"name":"Content-Type","value":"application/json"}],"authentication":{},"metaSortKey":400,"isPrivate":false,"settingStoreCookies":true,"settingSendCookies":true,"settingDisableRenderRequestBody":false,"settingEncodeUrl":true,"settingRebuildPath":true,"settingFollowRedirects":"global","_type":"request"},{"_id":"req_18a5a9fb05024051a49a84de59f579b2","parentId":"fld_402f29f36b0545cf850094d04f74aa02","modified":1688459582289,"created":1688454448274,"url":"http://localhost:8080/auth/verify/create","name":"Create Verification Token","description":"","method":"POST","body":{"mimeType":"application/json","text":"{\n\t\"identifier\": \"new\",\n\t\"token\": \"1234\",\n\t\"expires\": \"2023-07-04\"\n}"},"parameters":[],"headers":[{"name":"Content-Type","value":"application/json"}],"authentication":{},"metaSortKey":500,"isPrivate":false,"settingStoreCookies":true,"settingSendCookies":true,"settingDisableRenderRequestBody":false,"settingEncodeUrl":true,"settingRebuildPath":true,"settingFollowRedirects":"global","_type":"request"},{"_id":"req_6f1169f4907c488781486edb1c544fed","parentId":"fld_402f29f36b0545cf850094d04f74aa02","modified":1688469393076,"created":1688454468075,"url":"http://localhost:8080/auth/verify/use","name":"Use Verification Token","description":"","method":"POST","body":{"mimeType":"application/json","text":"{\n\t\"identifier\": \"cullenmcclellan@gmail.com\",\n\t\"token\": \"\"\n}"},"parameters":[],"headers":[{"name":"Content-Type","value":"application/json"}],"authentication":{},"metaSortKey":600,"isPrivate":false,"settingStoreCookies":true,"settingSendCookies":true,"settingDisableRenderRequestBody":false,"settingEncodeUrl":true,"settingRebuildPath":true,"settingFollowRedirects":"global","_type":"request"},{"_id":"req_d1fd7f9340ed46d68ee617fadd456cec","parentId":"fld_402f29f36b0545cf850094d04f74aa02","modified":1688461388664,"created":1688459655927,"url":"http://localhost:8080/auth/account/link","name":"Link Account","description":"","method":"POST","body":{"mimeType":"application/json","text":"{\n\t\"userId\": \"5499b295-0d50-44c8-8dc4-82120661ec72\",\n\t\"provider\": \"Account-Test\",\n\t\"providerAccountId\": \"1234\",\n\t\"refreshToken\": \"ref\",\n\t\"accessToken\": \"acc\",\n\t\"expiresAt\": 1,\n\t\"tokenType\": \"TEST\",\n\t\"scope\": \"Limited\",\n\t\"idToken\": \"id-token\",\n\t\"sessionState\": \"ACTIVE\"\n}"},"parameters":[],"headers":[{"name":"Content-Type","value":"application/json"}],"authentication":{},"metaSortKey":700,"isPrivate":false,"settingStoreCookies":true,"settingSendCookies":true,"settingDisableRenderRequestBody":false,"settingEncodeUrl":true,"settingRebuildPath":true,"settingFollowRedirects":"global","_type":"request"},{"_id":"req_4acff2cdb3e84866bd0066192704887b","parentId":"fld_402f29f36b0545cf850094d04f74aa02","modified":1688460181266,"created":1688459932480,"url":"http://localhost:8080/user/by-account","name":"Get User By Account","description":"","method":"GET","body":{"mimeType":"application/json","text":"{\n\t\"providerAccountId\": \"1234\",\n\t\"provider\": \"Account-Test\"\n}"},"parameters":[],"headers":[{"name":"Content-Type","value":"application/json"}],"authentication":{},"metaSortKey":750,"isPrivate":false,"settingStoreCookies":true,"settingSendCookies":true,"settingDisableRenderRequestBody":false,"settingEncodeUrl":true,"settingRebuildPath":true,"settingFollowRedirects":"global","_type":"request"},{"_id":"req_583f1d960a0c4c75ae644c74aff1784e","parentId":"fld_402f29f36b0545cf850094d04f74aa02","modified":1689697560773,"created":1688053924412,"url":"http://localhost:8080/questions/qualification","name":"Get Questionnaire","description":"","method":"GET","body":{},"parameters":[],"headers":[],"authentication":{},"metaSortKey":800,"isPrivate":false,"settingStoreCookies":true,"settingSendCookies":true,"settingDisableRenderRequestBody":false,"settingEncodeUrl":true,"settingRebuildPath":true,"settingFollowRedirects":"global","_type":"request"},{"_id":"req_16f602118fe748b9b1712dea8e139edb","parentId":"fld_402f29f36b0545cf850094d04f74aa02","modified":1689717183694,"created":1688053924411,"url":"http://localhost:8080/questions/by-email/test@yahoo.com/answer","name":"Answer Question","description":"","method":"PUT","body":{"mimeType":"","text":"{\n    \"questionKey\": \"motherGa\",\n    \"value\": \"Yes\",\n    \"questionnaire\": \"qualification\"\n}"},"parameters":[],"headers":[{"name":"Content-Type","value":"application/json"}],"authentication":{},"metaSortKey":1000,"isPrivate":false,"settingStoreCookies":true,"settingSendCookies":true,"settingDisableRenderRequestBody":false,"settingEncodeUrl":true,"settingRebuildPath":true,"settingFollowRedirects":"global","_type":"request"},{"_id":"req_73fa3b905b5b44039eabf1b3bec9e375","parentId":"fld_402f29f36b0545cf850094d04f74aa02","modified":1692048487547,"created":1688053924410,"url":"http://localhost:8080/questions/qualification/by-email/anemail@email.com","name":"Get Questionnaire with User Answers","description":"","method":"GET","body":{},"parameters":[],"headers":[],"authentication":{},"metaSortKey":1100,"isPrivate":false,"settingStoreCookies":true,"settingSendCookies":true,"settingDisableRenderRequestBody":false,"settingEncodeUrl":true,"settingRebuildPath":true,"settingFollowRedirects":"global","_type":"request"},{"_id":"req_c05eacd1a94b4e9699dcce3a1ac2fa34","parentId":"fld_402f29f36b0545cf850094d04f74aa02","modified":1688461086570,"created":1688053924412,"url":"http://localhost:8080/manage/user","name":"Clear User Table","description":"","method":"DELETE","body":{},"parameters":[],"headers":[],"authentication":{},"metaSortKey":1125,"isPrivate":false,"settingStoreCookies":true,"settingSendCookies":true,"settingDisableRenderRequestBody":false,"settingEncodeUrl":true,"settingRebuildPath":true,"settingFollowRedirects":"global","_type":"request"},{"_id":"req_619d2aff26bc437e93a4e1269becc2b3","parentId":"fld_402f29f36b0545cf850094d04f74aa02","modified":1688461082089,"created":1688461019818,"url":"http://localhost:8080/manage/all","name":"Clear Database","description":"","method":"DELETE","body":{},"parameters":[],"headers":[],"authentication":{},"metaSortKey":1150,"isPrivate":false,"settingStoreCookies":true,"settingSendCookies":true,"settingDisableRenderRequestBody":false,"settingEncodeUrl":true,"settingRebuildPath":true,"settingFollowRedirects":"global","_type":"request"},{"_id":"env_953dea999ad25dc2dccb05f7929d7f3dac22c24c","parentId":"wrk_8cd80f959d7846c1bc6d4409ffdf2ada","modified":1688053718583,"created":1688053718583,"name":"Base Environment","data":{},"dataPropertyOrder":null,"color":null,"isPrivate":false,"metaSortKey":1688053718583,"_type":"environment"},{"_id":"jar_953dea999ad25dc2dccb05f7929d7f3dac22c24c","parentId":"wrk_8cd80f959d7846c1bc6d4409ffdf2ada","modified":1689013051229,"created":1688053718584,"name":"Default Jar","cookies":[{"key":"next-auth.csrf-token","value":"2f1383dce74731dae8c3b0f653af32e784afe8dd862f8f1f3dbbd2f102eda687%7C2978cb539fcb3022772bc69319f4fb5f50d5a544f4e2ed98920f9cc86dc417c6","domain":"localhost","path":"/","httpOnly":true,"extensions":["SameSite=Lax"],"hostOnly":true,"creation":"2023-07-10T18:17:31.228Z","lastAccessed":"2023-07-10T18:17:31.228Z","id":"037119793948737545"},{"key":"next-auth.callback-url","value":"http%3A%2F%2Flocalhost%3A3000","domain":"localhost","path":"/","httpOnly":true,"extensions":["SameSite=Lax"],"hostOnly":true,"creation":"2023-07-10T18:17:31.229Z","lastAccessed":"2023-07-10T18:17:31.229Z","id":"4926660031089738"}],"_type":"cookie_jar"},{"_id":"spc_522a68a7a769471fa5470064ad894263","parentId":"wrk_8cd80f959d7846c1bc6d4409ffdf2ada","modified":1688401982694,"created":1688053718582,"fileName":"The Dad Firm","contents":"","contentType":"yaml","_type":"api_spec"},{"_id":"uts_97ce9d32cd7e434196f24eaab665f8ae","parentId":"wrk_8cd80f959d7846c1bc6d4409ffdf2ada","modified":1688053718585,"created":1688053718585,"name":"Example Test Suite","_type":"unit_test_suite"}]}